[
    {"id": 1, "name": "United States", "category": "country"},
    {"id": 2, "name": "Alabama", "category": "state"},
    {"id": 3, "name": "Alaska", "category": "state"},
    {"id": 4, "name": "Arizona", "category": "state"},
    {"id": 5, "name": "Arkansas", "category": "state"},
    {"id": 6, "name": "California", "category": "state"},
    {"id": 7, "name": "Colorado", "category": "state"},
    {"id": 8, "name": "Connecticut", "category": "state"},
    {"id": 9, "name": "Delaware", "category": "state"},
    {"id": 10, "name": "Florida", "category": "state"},
    {"id": 11, "name": "Georgia", "category": "state"},
    {"id": 12, "name": "Hawaii", "category": "state"},
    {"id": 13, "name": "Idaho", "category": "state"},
    {"id": 14, "name": "Illinois", "category": "state"},
    {"id": 15, "name": "Indiana", "category": "state"},
    {"id": 16, "name": "Iowa", "category": "state"},
    {"id": 17, "name": "Kansas", "category": "state"},
    {"id": 18, "name": "Kentucky", "category": "state"},
    {"id": 19, "name": "Louisiana", "category": "state"},
    {"id": 20, "name": "Maine", "category": "state"},
    {"id": 21, "name": "Maryland", "category": "state"},
    {"id": 22, "name": "Massachusetts", "category": "state"},
    {"id": 23, "name": "Michigan", "category": "state"},
    {"id": 24, "name": "Minnesota", "category": "state"},
    {"id": 25, "name": "Mississippi", "category": "state"},
    {"id": 26, "name": "Missouri", "category": "state"},
    {"id": 27, "name": "Montana", "category": "state"},
    {"id": 28, "name": "Nebraska", "category": "state"},
    {"id": 29, "name": "Nevada", "category": "state"},
    {"id": 30, "name": "New Hampshire", "category": "state"},
    {"id": 31, "name": "New Jersey", "category": "state"},
    {"id": 32, "name": "New Mexico", "category": "state"},
    {"id": 33, "name": "New York", "category": "state"},
    {"id": 34, "name": "North Carolina", "category": "state"},
    {"id": 35, "name": "North Dakota", "category": "state"},
    {"id": 36, "name": "Ohio", "category": "state"},
    {"id": 37, "name": "Oklahoma", "category": "state"},
    {"id": 38, "name": "Oregon", "category": "state"},
    {"id": 39, "name": "Pennsylvania", "category": "state"},
    {"id": 40, "name": "Rhode Island", "category": "state"},
    {"id": 41, "name": "South Carolina", "category": "state"},
    {"id": 42, "name": "South Dakota", "category": "state"},
    {"id": 43, "name": "Tennessee", "category": "state"},
    {"id": 44, "name": "Texas", "category": "state"},
    {"id": 45, "name": "Utah", "category": "state"},
    {"id": 46, "name": "Vermont", "category": "state"},
    {"id": 47, "name": "Virginia", "category": "state"},
    {"id": 48, "name": "Washington", "category": "state"},
    {"id": 49, "name": "West Virginia", "category": "state"},
    {"id": 50, "name": "Wisconsin", "category": "state"},
    {"id": 51, "name": "Wyoming", "category": "state"},
    {"id": 52, "name": "New York City", "category": "city"},
    {"id": 53, "name": "Los Angeles", "category": "city"},
    {"id": 54, "name": "Chicago", "category": "city"},
    {"id": 55, "name": "Houston", "category": "city"},
    {"id": 56, "name": "Phoenix", "category": "city"},
    {"id": 57, "name": "Philadelphia", "category": "city"},
    {"id": 58, "name": "San Antonio", "category": "city"},
    {"id": 59, "name": "Dallas", "category": "city"},
    {"id": 60, "name": "San Diego", "category": "city"},
    {"id": 61, "name": "Austin", "category": "city"},
    {"id": 62, "name": "Fort Worth", "category": "city"},
    {"id": 63, "name": "Jacksonville", "category": "city"},
    {"id": 64, "name": "San Francisco", "category": "city"},
    {"id": 65, "name": "Indianapolis", "category": "city"},
    {"id": 66, "name": "Columbus", "category": "city"},
    {"id": 67, "name": "Charlotte", "category": "city"},
    {"id": 68, "name": "Seattle", "category": "city"},
    {"id": 69, "name": "Denver", "category": "city"},
    {"id": 70, "name": "Boston", "category": "city"},
    {"id": 71, "name": "Detroit", "category": "city"},
    {"id": 72, "name": "Washington, D.C.", "category": "city"},
    {"id": 73, "name": "Miami", "category": "city"},
    {"id": 74, "name": "Atlanta", "category": "city"},
    {"id": 75, "name": "Baltimore", "category": "city"},
    {"id": 76, "name": "Portland, OR", "category": "city"},
    {"id": 77, "name": "Nashville", "category": "city"},
    {"id": 78, "name": "Oklahoma City", "category": "city"},
    {"id": 79, "name": "Memphis", "category": "city"},
    {"id": 80, "name": "Kansas City", "category": "city"},
    {"id": 81, "name": "Cincinnati", "category": "city"},
    {"id": 82, "name": "Milwaukee", "category": "city"}
]